Neighborhood,Neighborhood Latitude,Neighborhood Longitude,Venue,Venue Latitude,Venue Longitude,Venue Category
Parkwoods,43.7532586,-79.3296565,Brookbanks Park,43.751976046055574,-79.33214044722958,Park
Parkwoods,43.7532586,-79.3296565,Variety Store,43.75197441585782,-79.33311418516017,Food & Drink Shop
Parkwoods,43.7532586,-79.3296565,Corrosion Service Company Limited,43.75243208667859,-79.33466148402658,Construction & Landscaping
Parkwoods,43.7532586,-79.3296565,TTC Stop #8381,43.74841,-79.32627,Bus Stop
Parkwoods,43.7532586,-79.3296565,Three Valleys Park,43.75119469806736,-79.33735560270063,Park
Victoria Village,43.7258823,-79.31557159999998,Victoria Village Arena,43.72348055545508,-79.31563520925143,Hockey Arena
Victoria Village,43.7258823,-79.31557159999998,Portugril,43.72581876267242,-79.31278541470671,Portuguese Restaurant
Victoria Village,43.7258823,-79.31557159999998,Tim Hortons,43.725516631714754,-79.31310251366091,Coffee Shop
Victoria Village,43.7258823,-79.31557159999998,The Frig,43.72705130603407,-79.31741760908679,French Restaurant
Victoria Village,43.7258823,-79.31557159999998,Pizza Nova,43.725823726352196,-79.31286041792907,Pizza Place
Victoria Village,43.7258823,-79.31557159999998,Extreme Fun Indoor Playground,43.720914,-79.312516,Playground
Victoria Village,43.7258823,-79.31557159999998,Wigmore Park,43.731023438497964,-79.3107706628902,Park
Victoria Village,43.7258823,-79.31557159999998,Fitness Depot,43.719732920431674,-79.31401716097572,Sporting Goods Shop
"Lawrence Manor, Lawrence Heights",43.718518,-79.46476329999999,Roots,43.71821373389962,-79.46389305304558,Boutique
"Lawrence Manor, Lawrence Heights",43.718518,-79.46476329999999,Kitchen Stuff Plus (Clearance Outlet),43.71909636823933,-79.46267482419971,Furniture / Home Store
"Lawrence Manor, Lawrence Heights",43.718518,-79.46476329999999,Lac Vien Vietnamese Restaurant,43.72125878799614,-79.46847226859448,Vietnamese Restaurant
"Lawrence Manor, Lawrence Heights",43.718518,-79.46476329999999,BATLgrounds,43.72405414025907,-79.46339833125026,Athletics & Sports
"Lawrence Manor, Lawrence Heights",43.718518,-79.46476329999999,Orfus Road Shopping Outlets,43.719045296434736,-79.46084915034818,Clothing Store
"Lawrence Manor, Lawrence Heights",43.718518,-79.46476329999999,The Burger's Priest,43.7207893797841,-79.45676631978057,Fast Food Restaurant
"Lawrence Manor, Lawrence Heights",43.718518,-79.46476329999999,Marche Istanbul,43.71912892212775,-79.45763083788877,Grocery Store
"Lawrence Manor, Lawrence Heights",43.718518,-79.46476329999999,Dollarama,43.720728,-79.457467,Discount Store
"Lawrence Manor, Lawrence Heights",43.718518,-79.46476329999999,Playtime Bowl,43.717426948485006,-79.4581475917178,Bowling Alley
"Lawrence Manor, Lawrence Heights",43.718518,-79.46476329999999,Tim Hortons,43.7194274,-79.4679949,Coffee Shop
"Lawrence Manor, Lawrence Heights",43.718518,-79.46476329999999,Red Lobster,43.718952,-79.456245,Seafood Restaurant
"Lawrence Manor, Lawrence Heights",43.718518,-79.46476329999999,Ardene Shoes Outlet,43.718892366644944,-79.46134358371631,Accessories Store
"Lawrence Manor, Lawrence Heights",43.718518,-79.46476329999999,Grande Cheese,43.720145524565304,-79.4579511008545,Cheese Shop
"Lawrence Manor, Lawrence Heights",43.718518,-79.46476329999999,Viet House,43.71832569840717,-79.45737310259787,Vietnamese Restaurant
"Lawrence Manor, Lawrence Heights",43.718518,-79.46476329999999,Party City,43.71941805471303,-79.459316806156,Miscellaneous Shop
"Lawrence Manor, Lawrence Heights",43.718518,-79.46476329999999,Sugar & Spice,43.720714875348285,-79.45666046363836,Dessert Shop
"Lawrence Manor, Lawrence Heights",43.718518,-79.46476329999999,Rinx Real Entertainment Centre,43.71784220022086,-79.46223069665501,Event Space
"Lawrence Manor, Lawrence Heights",43.718518,-79.46476329999999,International Clothiers,43.717997,-79.46672,Clothing Store
"Lawrence Manor, Lawrence Heights",43.718518,-79.46476329999999,Frameworth sports marketing,43.718431101584265,-79.46851256833587,Gift Shop
"Lawrence Manor, Lawrence Heights",43.718518,-79.46476329999999,Si Vous Play Sports,43.72148036234913,-79.46752487479537,Shoe Store
"Lawrence Manor, Lawrence Heights",43.718518,-79.46476329999999,Tim Hortons,43.71715541275592,-79.45657432079315,Coffee Shop
"Lawrence Manor, Lawrence Heights",43.718518,-79.46476329999999,Seoul House,43.71990210821056,-79.4578317328269,Korean Restaurant
"Lawrence Manor, Lawrence Heights",43.718518,-79.46476329999999,Best Damn Sports Bar And Grill,43.71913720151931,-79.45720674250519,Bar
"Lawrence Manor, Lawrence Heights",43.718518,-79.46476329999999,The Green Umbrella Cafe,43.71359501278733,-79.46080520058662,Café
"Lawrence Manor, Lawrence Heights",43.718518,-79.46476329999999,Wendy’s,43.71299143087544,-79.46135383914225,Fast Food Restaurant
"Lawrence Manor, Lawrence Heights",43.718518,-79.46476329999999,Caledonia Park,43.712582990081195,-79.46521655298696,Park
"Lawrence Manor, Lawrence Heights",43.718518,-79.46476329999999,Toronto TAPS,43.712714081081764,-79.46195029095392,Furniture / Home Store
Don Mills,43.7459058,-79.352188,Island Foods,43.745866073988985,-79.34603533317939,Caribbean Restaurant
Don Mills,43.7459058,-79.352188,Baretto Caffé,43.74445646349851,-79.34645978471785,Café
Don Mills,43.7459058,-79.352188,LA Fitness,43.74766522888878,-79.34707696065234,Gym / Fitness Center
Don Mills,43.7459058,-79.352188,Matsuda Japanese Cuisine & Teppanyaki,43.74549366550305,-79.34582141079446,Japanese Restaurant
Don Mills,43.7459058,-79.352188,Gonoe Sushi,43.74573681959921,-79.34599119916211,Japanese Restaurant
Don Mills,43.7459058,-79.352188,Elite Basketball Camps,43.748789728,-79.35422793,Athletics & Sports
Glencairn,43.709577,-79.44507259999997,Miyako Sushi Restaurant,43.709111,-79.44393,Japanese Restaurant
Glencairn,43.709577,-79.44507259999997,Viewmount Park,43.707214014792285,-79.43822872614497,Playground
Glencairn,43.709577,-79.44507259999997,Columbus Colombian Bakery (Panaderia Colombiana),43.709172692546765,-79.45333079398473,Latin American Restaurant
Glencairn,43.709577,-79.44507259999997,Dairy Queen,43.7100679,-79.4534411,Ice Cream Shop
Glencairn,43.709577,-79.44507259999997,Lady York Foods,43.709445370032775,-79.45297906087649,Grocery Store
Glencairn,43.709577,-79.44507259999997,Zito's Marketplace,43.705305501535705,-79.44253588149515,Grocery Store
Glencairn,43.709577,-79.44507259999997,"Chalker's Pub, Billiards and Bistro",43.705746734874204,-79.44237750652644,Pub
Glencairn,43.709577,-79.44507259999997,Starbucks,43.71571314953408,-79.44371729268211,Coffee Shop
Glencairn,43.709577,-79.44507259999997,Camarra's Pizzeria & Restaurant,43.708329,-79.453488,Pizza Place
Glencairn,43.709577,-79.44507259999997,Petro-Canada,43.715264,-79.44683,Gas Station
Glencairn,43.709577,-79.44507259999997,Pizza Nova,43.707503883344074,-79.44314118823905,Pizza Place
Glencairn,43.709577,-79.44507259999997,The West Wing Bar 'n Grill,43.715228391342364,-79.44715228826301,Restaurant
Glencairn,43.709577,-79.44507259999997,Bologna Pastificio,43.708301109895565,-79.4533224471215,Italian Restaurant
Glencairn,43.709577,-79.44507259999997,TTC Bus 52 Lawrence West,43.71565715644059,-79.44409374568315,Bus Line
Glencairn,43.709577,-79.44507259999997,Mr. Sub,43.70897530585296,-79.45358754035846,Sandwich Place
Glencairn,43.709577,-79.44507259999997,Cinque Lire,43.708698,-79.453576,Pizza Place
Glencairn,43.709577,-79.44507259999997,City Fish Market,43.709105,-79.45366,Fish Market
Don Mills,43.72589970000001,-79.340923,Sorento Restaurant,43.72657509457231,-79.34198930569546,Italian Restaurant
Don Mills,43.72589970000001,-79.340923,Oomomo,43.72642908913988,-79.34328336099873,Discount Store
Don Mills,43.72589970000001,-79.340923,Fitness Connection,43.72747286430573,-79.34170684305083,Gym
Don Mills,43.72589970000001,-79.340923,Tilley Endurables,43.72703319748601,-79.34292634000684,Clothing Store
Don Mills,43.72589970000001,-79.340923,Swiss Chalet,43.726747353541775,-79.34162487001265,Restaurant
Don Mills,43.72589970000001,-79.340923,Kaiseki Yu-Zen Hashimoto,43.720931369435235,-79.33718506953988,Japanese Restaurant
Don Mills,43.72589970000001,-79.340923,Skiis and Biikes,43.726350918006425,-79.34297712786963,Bike Shop
Don Mills,43.72589970000001,-79.340923,Japanese Canadian Cultural Centre,43.726429,-79.334971,Art Gallery
Don Mills,43.72589970000001,-79.340923,Just Hockey Source For Sports,43.72709513128194,-79.34259061584578,Sporting Goods Shop
Don Mills,43.72589970000001,-79.340923,Tim Hortons,43.72289725323043,-79.33911703526974,Coffee Shop
Don Mills,43.72589970000001,-79.340923,Memories of Japan,43.727078,-79.340794,Japanese Restaurant
Don Mills,43.72589970000001,-79.340923,The Beer Store,43.7269871,-79.3414943,Beer Store
Don Mills,43.72589970000001,-79.340923,Real Canadian Superstore,43.722704,-79.337508,Supermarket
Don Mills,43.72589970000001,-79.340923,GoodLife Fitness North York Don Mills and Eglinton,43.722704,-79.337508,Gym
Don Mills,43.72589970000001,-79.340923,Genghis Khan Mongolian Grill,43.7269059862849,-79.34121626053623,Asian Restaurant
Don Mills,43.72589970000001,-79.340923,The Beer Store,43.7227042,-79.3375083,Beer Store
Don Mills,43.72589970000001,-79.340923,Asian Legend,43.7265905030894,-79.34218786843495,Dim Sum Restaurant
Don Mills,43.72589970000001,-79.340923,Subway,43.72432189860479,-79.33685838010095,Sandwich Place
Don Mills,43.72589970000001,-79.340923,Harvey's,43.726602588537574,-79.34103479447748,Restaurant
Don Mills,43.72589970000001,-79.340923,Pho 88 發發餐廳,43.72664201962024,-79.3423446449432,Asian Restaurant
Don Mills,43.72589970000001,-79.340923,Congee Star 帝王名粥,43.72658622416194,-79.34183343111253,Chinese Restaurant
Don Mills,43.72589970000001,-79.340923,Delimark Cafe,43.72753609649164,-79.33954737355866,Coffee Shop
Don Mills,43.72589970000001,-79.340923,C&C Supermarket,43.72555648813715,-79.34166661836014,Grocery Store
Don Mills,43.72589970000001,-79.340923,TTC Bus 925 Don Mills Express,43.72890834331221,-79.34120178222656,Bus Line
Don Mills,43.72589970000001,-79.340923,Don Mills Rd. & Eglinton Ave E,43.72057,-79.33884,Intersection
Don Mills,43.72589970000001,-79.340923,411.ca,43.72250539869908,-79.33427521215923,Office
Hillcrest Village,43.8037622,-79.3634517,Tastee,43.80772211146167,-79.35679781099806,Bakery
Hillcrest Village,43.8037622,-79.3634517,Subway,43.79905915276692,-79.36894553114087,Sandwich Place
Hillcrest Village,43.8037622,-79.3634517,Cliffwood I.D.A. Pharmacy,43.807909,-79.357777,Pharmacy
Hillcrest Village,43.8037622,-79.3634517,New Greattime Corp.,43.807413574024274,-79.35671733362557,Chinese Restaurant
Hillcrest Village,43.8037622,-79.3634517,The Pickle Barrel,43.79946954445551,-79.36908438785247,Restaurant
"Bathurst Manor, Wilson Heights, Downsview North",43.7543283,-79.4422593,Wolfie's Deli,43.754875481443555,-79.44243785404784,Deli / Bodega
"Bathurst Manor, Wilson Heights, Downsview North",43.7543283,-79.4422593,Best for Bride in Toronto,43.7557891,-79.4378344,Bridal Shop
"Bathurst Manor, Wilson Heights, Downsview North",43.7543283,-79.4422593,Earl Bales Park,43.75304340101652,-79.43622849867882,Park
"Bathurst Manor, Wilson Heights, Downsview North",43.7543283,-79.4422593,Bagel Plus,43.75539484400371,-79.4406859789969,Restaurant
"Bathurst Manor, Wilson Heights, Downsview North",43.7543283,-79.4422593,Orly Restaurant & Grill,43.754493246006334,-79.44350727697311,Middle Eastern Restaurant
"Bathurst Manor, Wilson Heights, Downsview North",43.7543283,-79.4422593,Tim Hortons,43.75476686520758,-79.44325044751167,Coffee Shop
"Bathurst Manor, Wilson Heights, Downsview North",43.7543283,-79.4422593,Dairy Queen,43.75567964325238,-79.44016579234159,Ice Cream Shop
"Bathurst Manor, Wilson Heights, Downsview North",43.7543283,-79.4422593,Starbucks,43.755797,-79.440471,Coffee Shop
"Bathurst Manor, Wilson Heights, Downsview North",43.7543283,-79.4422593,RBC Royal Bank,43.755697951682755,-79.43818263436917,Bank
"Bathurst Manor, Wilson Heights, Downsview North",43.7543283,-79.4422593,Wimpy's Diner,43.75620987159905,-79.43929448082638,Diner
"Bathurst Manor, Wilson Heights, Downsview North",43.7543283,-79.4422593,Popeyes Louisiana Kitchen,43.754671343663034,-79.44274006861691,Fried Chicken Joint
"Bathurst Manor, Wilson Heights, Downsview North",43.7543283,-79.4422593,TD Canada Trust,43.7562323,-79.4390254,Bank
"Bathurst Manor, Wilson Heights, Downsview North",43.7543283,-79.4422593,Subway,43.755741275340625,-79.44050193032683,Sandwich Place
"Bathurst Manor, Wilson Heights, Downsview North",43.7543283,-79.4422593,Pizza Pizza,43.75531145041057,-79.44112566629565,Pizza Place
"Bathurst Manor, Wilson Heights, Downsview North",43.7543283,-79.4422593,Petro-Canada,43.755112,-79.438838,Gas Station
"Bathurst Manor, Wilson Heights, Downsview North",43.7543283,-79.4422593,Wakame Sushi,43.755382185036986,-79.44094461257187,Sushi Restaurant
"Bathurst Manor, Wilson Heights, Downsview North",43.7543283,-79.4422593,Shoppers Drug Mart,43.756239,-79.439599,Pharmacy
"Bathurst Manor, Wilson Heights, Downsview North",43.7543283,-79.4422593,Sheppard Plaza,43.75569512647938,-79.43961347354475,Shopping Mall
"Bathurst Manor, Wilson Heights, Downsview North",43.7543283,-79.4422593,Metro,43.75608379050764,-79.43978950381364,Supermarket
"Bathurst Manor, Wilson Heights, Downsview North",43.7543283,-79.4422593,Rogers,43.7554377,-79.4411542,Mobile Phone Shop
"Bathurst Manor, Wilson Heights, Downsview North",43.7543283,-79.4422593,All In The Cards,43.756162,-79.439348,Gift Shop
"Bathurst Manor, Wilson Heights, Downsview North",43.7543283,-79.4422593,Burnett Park,43.75758512081283,-79.43985525270034,Park
"Bathurst Manor, Wilson Heights, Downsview North",43.7543283,-79.4422593,China Court,43.75578017077131,-79.43743743256304,Chinese Restaurant
"Bathurst Manor, Wilson Heights, Downsview North",43.7543283,-79.4422593,Earl Bales Community Centre,43.75444702374619,-79.43490964360893,Community Center
"Fairview, Henry Farm, Oriole",43.7785175,-79.3465557,The LEGO Store,43.77820727238842,-79.34348299621146,Toy / Game Store
"Fairview, Henry Farm, Oriole",43.7785175,-79.3465557,DAVIDsTEA,43.77759332519533,-79.34508888051846,Tea Room
"Fairview, Henry Farm, Oriole",43.7785175,-79.3465557,Purdys Chocolatier,43.77816,-79.344154,Gift Shop
"Fairview, Henry Farm, Oriole",43.7785175,-79.3465557,CF Fairview Mall,43.777993908591895,-79.34366510981064,Shopping Mall
"Fairview, Henry Farm, Oriole",43.7785175,-79.3465557,De Berardini's,43.77806925637981,-79.34264197549473,Salon / Barbershop
"Fairview, Henry Farm, Oriole",43.7785175,-79.3465557,Michel's Baguette,43.77708227220403,-79.34455653003414,Bakery
"Fairview, Henry Farm, Oriole",43.7785175,-79.3465557,SilverCity,43.77868093228815,-79.3440850072426,Movie Theater
"Fairview, Henry Farm, Oriole",43.7785175,-79.3465557,New York Fries - Fairview Mall,43.77860499015611,-79.34357713182652,Restaurant
"Fairview, Henry Farm, Oriole",43.7785175,-79.3465557,Hudson's Bay,43.777830351654046,-79.34304327486974,Department Store
"Fairview, Henry Farm, Oriole",43.7785175,-79.3465557,Hero Certified Burgers,43.7772948385197,-79.34458372068603,Burger Joint
"Fairview, Henry Farm, Oriole",43.7785175,-79.3465557,Apple Fairview,43.7778832,-79.3437891,Electronics Store
"Fairview, Henry Farm, Oriole",43.7785175,-79.3465557,Moxie's Classic Grill,43.777778810576905,-79.34318499889385,American Restaurant
"Fairview, Henry Farm, Oriole",43.7785175,-79.3465557,Aroma Espresso Bar,43.777700197902725,-79.34465166972005,Coffee Shop
"Fairview, Henry Farm, Oriole",43.7785175,-79.3465557,H&M,43.77754859086118,-79.34560423018411,Clothing Store
"Fairview, Henry Farm, Oriole",43.7785175,-79.3465557,Fairview Library Theatre,43.779018057023805,-79.34652599431665,Theater
"Fairview, Henry Farm, Oriole",43.7785175,-79.3465557,Starbucks,43.77799,-79.344091,Coffee Shop
"Fairview, Henry Farm, Oriole",43.7785175,-79.3465557,Old Navy,43.7779901,-79.3440914,Clothing Store
"Fairview, Henry Farm, Oriole",43.7785175,-79.3465557,Ten Ren's Tea Time,43.777158444629066,-79.34453087278449,Juice Bar
"Fairview, Henry Farm, Oriole",43.7785175,-79.3465557,Shoppers Drug Mart,43.77817,-79.345014,Pharmacy
"Fairview, Henry Farm, Oriole",43.7785175,-79.3465557,LCBO,43.77895496200283,-79.34504796258686,Liquor Store
"Fairview, Henry Farm, Oriole",43.7785175,-79.3465557,TD Canada Trust,43.777763,-79.345974,Bank
"Fairview, Henry Farm, Oriole",43.7785175,-79.3465557,Thai Express,43.77799,-79.344091,Restaurant
"Fairview, Henry Farm, Oriole",43.7785175,-79.3465557,RBC Royal Bank,43.777303882018465,-79.3446527392512,Bank
"Fairview, Henry Farm, Oriole",43.7785175,-79.3465557,Tim Hortons,43.7749925,-79.3463027,Coffee Shop
"Fairview, Henry Farm, Oriole",43.7785175,-79.3465557,Tim Hortons,43.777964,-79.344715,Coffee Shop
"Fairview, Henry Farm, Oriole",43.7785175,-79.3465557,Tekka Sushi,43.77417136429855,-79.3404009228877,Japanese Restaurant
"Fairview, Henry Farm, Oriole",43.7785175,-79.3465557,Heart Sushi,43.777203,-79.343805,Japanese Restaurant
"Fairview, Henry Farm, Oriole",43.7785175,-79.3465557,Fairview Mall Food Garden,43.77836930887007,-79.34321606591291,Food Court
"Fairview, Henry Farm, Oriole",43.7785175,-79.3465557,Tim Hortons,43.77524918178477,-79.34773966670036,Coffee Shop
"Fairview, Henry Farm, Oriole",43.7785175,-79.3465557,Tommy Hilfiger,43.77742747193735,-79.34589327979445,Clothing Store
"Fairview, Henry Farm, Oriole",43.7785175,-79.3465557,KFC,43.7776,-79.3442,Fast Food Restaurant
"Fairview, Henry Farm, Oriole",43.7785175,-79.3465557,Spring Rolls,43.777350695180374,-79.34397727347279,Asian Restaurant
"Fairview, Henry Farm, Oriole",43.7785175,-79.3465557,SEPHORA,43.7784228,-79.3437426,Cosmetics Shop
"Fairview, Henry Farm, Oriole",43.7785175,-79.3465557,Hollister Co.,43.778088689883695,-79.34370423838938,Clothing Store
"Fairview, Henry Farm, Oriole",43.7785175,-79.3465557,Zara,43.777961241763556,-79.34469070057258,Clothing Store
"Fairview, Henry Farm, Oriole",43.7785175,-79.3465557,St. Louis Bar & Grill,43.77721460733997,-79.34508093497027,Bar
"Fairview, Henry Farm, Oriole",43.7785175,-79.3465557,EB Games,43.7781866230844,-79.3433096596408,Video Game Store
"Fairview, Henry Farm, Oriole",43.7785175,-79.3465557,Z•teca,43.777216678163484,-79.3444011179068,Burrito Place
"Fairview, Henry Farm, Oriole",43.7785175,-79.3465557,Bourbon St. Grill,43.77827649168577,-79.34324149162853,Fast Food Restaurant
"Fairview, Henry Farm, Oriole",43.7785175,-79.3465557,SportChek,43.777760996766865,-79.34315772052062,Sporting Goods Shop
"Fairview, Henry Farm, Oriole",43.7785175,-79.3465557,McDonald's,43.7784074,-79.3435742,Fast Food Restaurant
"Fairview, Henry Farm, Oriole",43.7785175,-79.3465557,Garage Clothing,43.77695171853015,-79.34700906250485,Clothing Store
"Fairview, Henry Farm, Oriole",43.7785175,-79.3465557,Victoria's Secret,43.77775690286411,-79.34451771306513,Lingerie Store
"Fairview, Henry Farm, Oriole",43.7785175,-79.3465557,Bell,43.77777969524073,-79.34455021805036,Mobile Phone Shop
"Fairview, Henry Farm, Oriole",43.7785175,-79.3465557,Ardene,43.77688620262047,-79.34717998514216,Women's Store
"Fairview, Henry Farm, Oriole",43.7785175,-79.3465557,Toys Toys Toys,43.7789120874428,-79.34456303829828,Toy / Game Store
"Fairview, Henry Farm, Oriole",43.7785175,-79.3465557,Nutrition House,43.777199954286885,-79.34474873969704,Health Food Store
"Fairview, Henry Farm, Oriole",43.7785175,-79.3465557,Freedom Mobile,43.77691957322423,-79.34519290924072,Electronics Store
"Fairview, Henry Farm, Oriole",43.7785175,-79.3465557,Bath & Body Works,43.778348810835624,-79.34386521577835,Distribution Center
"Fairview, Henry Farm, Oriole",43.7785175,-79.3465557,Foot Locker,43.7783673,-79.3437077,Shoe Store
"Fairview, Henry Farm, Oriole",43.7785175,-79.3465557,Bentley,43.77824084141985,-79.34353859382264,Luggage Store
"Fairview, Henry Farm, Oriole",43.7785175,-79.3465557,Aéropostale,43.77828083022019,-79.34342473513604,Clothing Store
"Fairview, Henry Farm, Oriole",43.7785175,-79.3465557,Grill It Up,43.77826768921672,-79.34330442089535,Food Court
"Fairview, Henry Farm, Oriole",43.7785175,-79.3465557,Laura Secord,43.7782285533859,-79.34321768453563,Dessert Shop
"Fairview, Henry Farm, Oriole",43.7785175,-79.3465557,Claire's,43.77816747173684,-79.34320305058577,Accessories Store
"Fairview, Henry Farm, Oriole",43.7785175,-79.3465557,TTC Subway Line 4 - Sheppard Line,43.775668760467525,-79.34561133392964,Metro Station
"Fairview, Henry Farm, Oriole",43.7785175,-79.3465557,Fit For Life,43.77935234078756,-79.35056822110249,Fast Food Restaurant
"Fairview, Henry Farm, Oriole",43.7785175,-79.3465557,Oriole Park,43.78081676843454,-79.35132725701995,Baseball Field
"Fairview, Henry Farm, Oriole",43.7785175,-79.3465557,Oriole Community Centre,43.78152992719611,-79.35211741273284,Baseball Field
"Fairview, Henry Farm, Oriole",43.7785175,-79.3465557,Oriole Arena,43.78244676051861,-79.35181677689381,Skating Rink
"Fairview, Henry Farm, Oriole",43.7785175,-79.3465557,New York Fries - Pickering Town Centre,43.779279344338626,-79.35430759178416,Restaurant
"Fairview, Henry Farm, Oriole",43.7785175,-79.3465557,Godstone Park,43.784542084005906,-79.3481480651686,Park
"Fairview, Henry Farm, Oriole",43.7785175,-79.3465557,Dallington Park,43.776657949886285,-79.3548803426654,Park
"Northwood Park, York University",43.7679803,-79.48726190000002,MUSE Massage Spa,43.7656861872247,-79.4893183666046,Massage Studio
"Northwood Park, York University",43.7679803,-79.48726190000002,Carribean Heat,43.764155,-79.490227,Caribbean Restaurant
"Northwood Park, York University",43.7679803,-79.48726190000002,Tim Hortons,43.764289283166015,-79.48879033327103,Coffee Shop
"Northwood Park, York University",43.7679803,-79.48726190000002,Oishi Sushi,43.76352343481974,-79.49013570659244,Japanese Restaurant
"Northwood Park, York University",43.7679803,-79.48726190000002,TD Canada Trust,43.762819345862425,-79.49025084540365,Bank
"Northwood Park, York University",43.7679803,-79.48726190000002,Fox & Fiddle,43.76379461939549,-79.48849672002802,Bar
"Northwood Park, York University",43.7679803,-79.48726190000002,Bad Boy Furniture - North York,43.76431446505117,-79.4865882396698,Furniture / Home Store
"Northwood Park, York University",43.7679803,-79.48726190000002,Finch West Subway Station,43.76510685746509,-79.49117202171209,Metro Station
"Northwood Park, York University",43.7679803,-79.48726190000002,Party City,43.76417373654635,-79.4852503780818,Miscellaneous Shop
"Northwood Park, York University",43.7679803,-79.48726190000002,Aji Sushi,43.763518792314535,-79.49014247583848,Sushi Restaurant
"Northwood Park, York University",43.7679803,-79.48726190000002,McDonald's,43.762413143616065,-79.49024297305107,Fast Food Restaurant
Bayview Village,43.7869473,-79.385975,Sun Star Chinese Cuisine 翠景小炒,43.78791448422642,-79.38123404311649,Chinese Restaurant
Bayview Village,43.7869473,-79.385975,TD Canada Trust,43.7880740139986,-79.38036672770977,Bank
Bayview Village,43.7869473,-79.385975,TD Canada Trust,43.7913867,-79.3920816,Bank
Bayview Village,43.7869473,-79.385975,valu-mart On Bayview,43.790843,-79.392045,Grocery Store
Bayview Village,43.7869473,-79.385975,Maxim's Cafe and Patisserie,43.78786337669778,-79.38075094208715,Café
Bayview Village,43.7869473,-79.385975,Kaga Sushi,43.78775840092113,-79.38108976991016,Japanese Restaurant
Bayview Village,43.7869473,-79.385975,Bayview Arena,43.78812412921377,-79.39396629747621,Skating Rink
Downsview,43.7374732,-79.46476329999999,Toronto Downsview Airport (YZD),43.738882611749744,-79.47011109314882,Airport
Downsview,43.7374732,-79.46476329999999,Subway,43.731802598053385,-79.46277272783715,Sandwich Place
Downsview,43.7374732,-79.46476329999999,Tim Hortons,43.73889029805241,-79.47224241624076,Coffee Shop
Downsview,43.7374732,-79.46476329999999,Ancaster Park,43.73470570807407,-79.46477740817078,Park
Downsview,43.7374732,-79.46476329999999,Main Cafeteria (Bombardier),43.73793098976079,-79.47114380227413,Food Court
Downsview,43.7374732,-79.46476329999999,Lucky Wok Resturant,43.73163108423754,-79.46406841278076,Chinese Restaurant
"York Mills, Silver Hills",43.7574902,-79.37471409999998,Mind Over Matter Karate School,43.756100734275805,-79.37129616737366,Martial Arts Dojo
Downsview,43.7390146,-79.5069436,TD Canada Trust,43.7402356,-79.5125502,Bank
Downsview,43.7390146,-79.5069436,Pizza Pizza,43.74108518369447,-79.51349681782587,Pizza Place
Downsview,43.7390146,-79.5069436,Price Chopper,43.73990841084056,-79.51226143309357,Grocery Store
Downsview,43.7390146,-79.5069436,jane sheppard mall,43.740104399774324,-79.51255243633483,Shopping Mall
Downsview,43.7390146,-79.5069436,Country Style,43.73986,-79.51333,Coffee Shop
Downsview,43.7390146,-79.5069436,Cửu Long Miền Tây,43.739642,-79.513631,Vietnamese Restaurant
Downsview,43.7390146,-79.5069436,Downsview Dells,43.73819394931281,-79.50020869243238,Park
Downsview,43.7390146,-79.5069436,84 Sheppard Bus At Jane,43.741209386830086,-79.51323876106237,Moving Target
"North Park, Maple Leaf Park, Upwood Park",43.71375620000001,-79.4900738,Rustic Bakery,43.715413998974796,-79.49030028640821,Bakery
"North Park, Maple Leaf Park, Upwood Park",43.71375620000001,-79.4900738,Maple leaf park,43.716187513283,-79.4935309549699,Park
"North Park, Maple Leaf Park, Upwood Park",43.71375620000001,-79.4900738,Mika's Trim,43.714068,-79.496113,Construction & Landscaping
"North Park, Maple Leaf Park, Upwood Park",43.71375620000001,-79.4900738,Shan Webtech,43.715953472384385,-79.49693083763123,Business Service
"North Park, Maple Leaf Park, Upwood Park",43.71375620000001,-79.4900738,Clearview Home & Property Inspections,43.71907071307562,-79.48696374893188,Home Service
Humber Summit,43.7563033,-79.56596329999998,Pizza Monza,43.7550425265422,-79.56719521010014,Pizza Place
Humber Summit,43.7563033,-79.56596329999998,Ready Bake Foods,43.75369796198942,-79.56059916055669,Bakery
Humber Summit,43.7563033,-79.56596329999998,Access Fine Art,43.753657760484835,-79.5605497710266,Arts & Crafts Store
Humber Summit,43.7563033,-79.56596329999998,Capri Pastries,43.760233278306124,-79.57168917410124,Bakery
"Willowdale, Newtonbrook",43.789053,-79.40849279999998,Tim Hortons,43.78934530778049,-79.41710613931667,Coffee Shop
"Willowdale, Newtonbrook",43.789053,-79.40849279999998,Willowdale Greenway Path,43.78418534217344,-79.40396058978317,Trail
"Willowdale, Newtonbrook",43.789053,-79.40849279999998,Maxome Park,43.78741109203235,-79.40064027372757,Park
"Willowdale, Newtonbrook",43.789053,-79.40849279999998,Silverview Park,43.784300673478064,-79.41368447108927,Park
Downsview,43.7284964,-79.49569740000003,Roding Park,43.728655041194294,-79.49291760986993,Baseball Field
Downsview,43.7284964,-79.49569740000003,Toronto Painters by MPS,43.72936731067151,-79.49900150299072,Home Service
Downsview,43.7284964,-79.49569740000003,Blue Sail Energy Solutions,43.7314450238841,-79.49378728866577,Business Service
Downsview,43.7284964,-79.49569740000003,Toronto Outdoor Store - Live Bait & Tackle,43.723839868958464,-79.49866560725891,Outdoor Supply Store
Downsview,43.7284964,-79.49569740000003,Mackfield Transportation,43.7228633,-79.4980781,Business Service
Downsview,43.7284964,-79.49569740000003,Pho Mi Nha Trang,43.722709,-79.498058,Vietnamese Restaurant
Downsview,43.7284964,-79.49569740000003,Wellcare Union Medical Pharmacy,43.722761751957314,-79.4928719413013,Pharmacy
Downsview,43.7284964,-79.49569740000003,Paramount Fine Foods,43.724437,-79.489407,Middle Eastern Restaurant
"Bedford Park, Lawrence Manor East",43.7332825,-79.4197497,Aroma Espresso Bar,43.73597504480755,-79.42039080887425,Café
"Bedford Park, Lawrence Manor East",43.7332825,-79.4197497,Darbar Persian Grill,43.735484,-79.420006,Restaurant
"Bedford Park, Lawrence Manor East",43.7332825,-79.4197497,Tutto Pronto,43.72823508097344,-79.41808634471838,Italian Restaurant
"Bedford Park, Lawrence Manor East",43.7332825,-79.4197497,Satay on the Road,43.735310312009226,-79.41978338676937,Thai Restaurant
"Bedford Park, Lawrence Manor East",43.7332825,-79.4197497,The Copper Chimney,43.73619518432498,-79.42027081330127,Indian Restaurant
"Bedford Park, Lawrence Manor East",43.7332825,-79.4197497,The Bagel House,43.7283374321573,-79.4180892175865,Bagel Shop
"Bedford Park, Lawrence Manor East",43.7332825,-79.4197497,Tim Hortons,43.735355956224325,-79.41960454261636,Coffee Shop
"Bedford Park, Lawrence Manor East",43.7332825,-79.4197497,Francobollo,43.734556923055784,-79.41954908679143,Italian Restaurant
"Bedford Park, Lawrence Manor East",43.7332825,-79.4197497,Sakura Garden,43.73339792581388,-79.41949129828605,Sushi Restaurant
"Bedford Park, Lawrence Manor East",43.7332825,-79.4197497,Pheasant & Firkin,43.73517255469138,-79.41970208136466,Pub
"Bedford Park, Lawrence Manor East",43.7332825,-79.4197497,Freshii,43.731582455410454,-79.41910939095219,Juice Bar
"Bedford Park, Lawrence Manor East",43.7332825,-79.4197497,Karbouzi Greek Taverna,43.7362044620751,-79.42035885441898,Greek Restaurant
"Bedford Park, Lawrence Manor East",43.7332825,-79.4197497,Drums N Flats,43.73503512478632,-79.42003978035157,Comfort Food Restaurant
"Bedford Park, Lawrence Manor East",43.7332825,-79.4197497,Starbucks,43.732604,-79.419136,Coffee Shop
"Bedford Park, Lawrence Manor East",43.7332825,-79.4197497,Starbucks,43.728673,-79.418513,Coffee Shop
"Bedford Park, Lawrence Manor East",43.7332825,-79.4197497,Dino's No Frills,43.730699,-79.418535,Grocery Store
"Bedford Park, Lawrence Manor East",43.7332825,-79.4197497,Bruno's Fine Food,43.7366419570093,-79.4198699051871,Butcher
"Bedford Park, Lawrence Manor East",43.7332825,-79.4197497,Safari Bar and Grill,43.72905148409205,-79.41810862863923,American Restaurant
"Bedford Park, Lawrence Manor East",43.7332825,-79.4197497,Subway,43.73148485587151,-79.41954981345089,Sandwich Place
"Bedford Park, Lawrence Manor East",43.7332825,-79.4197497,Shoppers Drug Mart,43.736276,-79.419705,Pharmacy
"Bedford Park, Lawrence Manor East",43.7332825,-79.4197497,La Bamboche,43.72809138070416,-79.4180217257015,Bakery
"Bedford Park, Lawrence Manor East",43.7332825,-79.4197497,Il Fornaro,43.734073,-79.41987,Italian Restaurant
"Bedford Park, Lawrence Manor East",43.7332825,-79.4197497,Subway,43.73159539578682,-79.41963959053555,Sandwich Place
"Bedford Park, Lawrence Manor East",43.7332825,-79.4197497,TD Canada Trust,43.72734189109826,-79.41720441779098,Bank
"Bedford Park, Lawrence Manor East",43.7332825,-79.4197497,LCBO,43.73106478660271,-79.41923740055336,Liquor Store
"Bedford Park, Lawrence Manor East",43.7332825,-79.4197497,Pizza Pizza,43.731952,-79.415019,Pizza Place
"Bedford Park, Lawrence Manor East",43.7332825,-79.4197497,Harvey's,43.730256015803946,-79.41858854355121,Restaurant
"Bedford Park, Lawrence Manor East",43.7332825,-79.4197497,Jolie Beauty Bar,43.732756828529695,-79.4195521679489,Cosmetics Shop
"Bedford Park, Lawrence Manor East",43.7332825,-79.4197497,Toy town,43.729135,-79.418499,Toy / Game Store
"Bedford Park, Lawrence Manor East",43.7332825,-79.4197497,Videoflicks,43.72768510888065,-79.41776026478563,Video Store
"Humberlea, Emery",43.7247659,-79.53224240000002,Petro-Canada,43.720106,-79.537496,Gas Station
"Humberlea, Emery",43.7247659,-79.53224240000002,Strathburn Park,43.721765047523654,-79.53285448549357,Baseball Field
"Humberlea, Emery",43.7247659,-79.53224240000002,Becker's Milk,43.72070202875274,-79.5369926023078,Convenience Store
"Humberlea, Emery",43.7247659,-79.53224240000002,auctionmaxx,43.72710081596881,-79.52517301758158,Discount Store
"Humberlea, Emery",43.7247659,-79.53224240000002,Louise Russo Park,43.722425,-79.539387,Park
"Willowdale, Willowdale East",43.7701199,-79.40849279999998,Loblaws,43.768722,-79.412101,Grocery Store
"Willowdale, Willowdale East",43.7701199,-79.40849279999998,Konjiki Ramen,43.76699771023422,-79.41222209328754,Ramen Restaurant
"Willowdale, Willowdale East",43.7701199,-79.40849279999998,The Keg,43.7665789176648,-79.41213141222555,Steakhouse
"Willowdale, Willowdale East",43.7701199,-79.40849279999998,Starbucks,43.768353,-79.413046,Coffee Shop
"Willowdale, Willowdale East",43.7701199,-79.40849279999998,Aroma Espresso Bar,43.76944882099181,-79.41308107735675,Café
"Willowdale, Willowdale East",43.7701199,-79.40849279999998,The Captain's Boil,43.773255217045026,-79.41380541792645,Seafood Restaurant
"Willowdale, Willowdale East",43.7701199,-79.40849279999998,Maryam Hotel,43.766961,-79.401199,Hotel
"Willowdale, Willowdale East",43.7701199,-79.40849279999998,Satay Sate,43.76669,-79.4121,Indonesian Restaurant
"Willowdale, Willowdale East",43.7701199,-79.40849279999998,Saryo,43.76697902009232,-79.41220491675689,Café
"Willowdale, Willowdale East",43.7701199,-79.40849279999998,Toronto Centre for the Arts,43.766228257307354,-79.41411495208739,Theater
"Willowdale, Willowdale East",43.7701199,-79.40849279999998,Dairy Queen,43.76701557770687,-79.4120009150447,Ice Cream Shop
"Willowdale, Willowdale East",43.7701199,-79.40849279999998,Cineplex Cinemas,43.76862539839479,-79.41261307104753,Movie Theater
"Willowdale, Willowdale East",43.7701199,-79.40849279999998,Mel Lastman Square,43.76770145783431,-79.41297541544051,Plaza
"Willowdale, Willowdale East",43.7701199,-79.40849279999998,Michaels,43.76724487394571,-79.41197372883607,Arts & Crafts Store
"Willowdale, Willowdale East",43.7701199,-79.40849279999998,MYMY Chicken,43.76465797243293,-79.41109575340602,Fried Chicken Joint
"Willowdale, Willowdale East",43.7701199,-79.40849279999998,Wako Sushi + Bar,43.77080606720809,-79.41313811956255,Japanese Restaurant
"Willowdale, Willowdale East",43.7701199,-79.40849279999998,Empress Walk,43.768540252857974,-79.4126707082784,Shopping Mall
"Willowdale, Willowdale East",43.7701199,-79.40849279999998,Booster Juice,43.76889,-79.4129899,Juice Bar
"Willowdale, Willowdale East",43.7701199,-79.40849279999998,Dakgogi,43.773009998847236,-79.41387458796359,Korean Restaurant
"Willowdale, Willowdale East",43.7701199,-79.40849279999998,Aura,43.766012799364795,-79.41081286441447,Lounge
"Willowdale, Willowdale East",43.7701199,-79.40849279999998,Metro,43.77417110604527,-79.41343232989311,Supermarket
"Willowdale, Willowdale East",43.7701199,-79.40849279999998,Hakata Shoryuken Ramen,43.77351855289592,-79.41387203910281,Ramen Restaurant
"Willowdale, Willowdale East",43.7701199,-79.40849279999998,Owl of Minerva,43.773327812864714,-79.41391451544317,Korean Restaurant
"Willowdale, Willowdale East",43.7701199,-79.40849279999998,Pizzaiolo,43.76428931934003,-79.41177961294926,Pizza Place
"Willowdale, Willowdale East",43.7701199,-79.40849279999998,Baton Rouge,43.76645494997892,-79.41222941305855,American Restaurant
"Willowdale, Willowdale East",43.7701199,-79.40849279999998,Ajisen Ramen 味千ラーメン,43.771444,-79.413139,Ramen Restaurant
"Willowdale, Willowdale East",43.7701199,-79.40849279999998,Aburi Room,43.769197,-79.414039,Sushi Restaurant
"Willowdale, Willowdale East",43.7701199,-79.40849279999998,Starbucks,43.768464,-79.414017,Coffee Shop
"Willowdale, Willowdale East",43.7701199,-79.40849279999998,Douglas Snow Aquatic Centre,43.767317139739454,-79.41498164406656,Pool
"Willowdale, Willowdale East",43.7701199,-79.40849279999998,Tim Hortons,43.77396737677903,-79.41361973403849,Coffee Shop
"Willowdale, Willowdale East",43.7701199,-79.40849279999998,PetSmart,43.769139,-79.412522,Pet Store
"Willowdale, Willowdale East",43.7701199,-79.40849279999998,Dollarama,43.768722,-79.412101,Discount Store
"Willowdale, Willowdale East",43.7701199,-79.40849279999998,Subway,43.768507,-79.41398454232785,Sandwich Place
"Willowdale, Willowdale East",43.7701199,-79.40849279999998,Best Buy,43.76811518063931,-79.4126082683499,Electronics Store
"Willowdale, Willowdale East",43.7701199,-79.40849279999998,Shawarma Max,43.76601170897119,-79.41084443679077,Middle Eastern Restaurant
"Willowdale, Willowdale East",43.7701199,-79.40849279999998,Sushi One,43.76441166173842,-79.41187984957911,Japanese Restaurant
"Willowdale, Willowdale East",43.7701199,-79.40849279999998,St. Louis Bar & Grill,43.77304026482439,-79.413770539975,Sports Bar
"Willowdale, Willowdale East",43.7701199,-79.40849279999998,Symposium Cafe Restaurant & Lounge,43.77107544003332,-79.41339624610163,Restaurant
"Willowdale, Willowdale East",43.7701199,-79.40849279999998,Boston Pizza,43.76966566980136,-79.41305666054794,Pizza Place
"Willowdale, Willowdale East",43.7701199,-79.40849279999998,Mezza Notte Trattoria,43.772704,-79.413764,Italian Restaurant
"Willowdale, Willowdale East",43.7701199,-79.40849279999998,Wendy’s,43.76846127243853,-79.4123771060805,Fast Food Restaurant
"Willowdale, Willowdale East",43.7701199,-79.40849279999998,GoodLife Fitness North York Madison Centre,43.764836,-79.412709,Gym
"Willowdale, Willowdale East",43.7701199,-79.40849279999998,L'opera Patisserie et Cafe,43.772767972277975,-79.41371702742671,Dessert Shop
"Willowdale, Willowdale East",43.7701199,-79.40849279999998,RBC Royal Bank,43.76602146815181,-79.41178248148627,Bank
"Willowdale, Willowdale East",43.7701199,-79.40849279999998,Kinton Ramen,43.76968375926793,-79.41304877291766,Ramen Restaurant
"Willowdale, Willowdale East",43.7701199,-79.40849279999998,Subway,43.77140090446779,-79.41345717293876,Sandwich Place
"Willowdale, Willowdale East",43.7701199,-79.40849279999998,Pho 88 Vietnamese Cuisine,43.77045596393368,-79.41306424537943,Vietnamese Restaurant
"Willowdale, Willowdale East",43.7701199,-79.40849279999998,Ten Ren's Tea Time 喫茶新饌,43.769574852327395,-79.41259669370922,Bubble Tea Shop
"Willowdale, Willowdale East",43.7701199,-79.40849279999998,Freshslice Pizza,43.771353408025305,-79.4134865956423,Pizza Place
"Willowdale, Willowdale East",43.7701199,-79.40849279999998,Subway,43.76447721342689,-79.41217087119867,Sandwich Place
"Willowdale, Willowdale East",43.7701199,-79.40849279999998,Tim Hortons,43.7740759,-79.4134558,Coffee Shop
"Willowdale, Willowdale East",43.7701199,-79.40849279999998,Novotel Toronto North York,43.76872304736466,-79.41425730725825,Hotel
"Willowdale, Willowdale East",43.7701199,-79.40849279999998,Tim Hortons,43.7655556,-79.4122337,Coffee Shop
"Willowdale, Willowdale East",43.7701199,-79.40849279999998,McDonald's,43.76538326092233,-79.41022708625557,Fast Food Restaurant
"Willowdale, Willowdale East",43.7701199,-79.40849279999998,Shoppers Drug Mart,43.765829,-79.412338,Pharmacy
"Willowdale, Willowdale East",43.7701199,-79.40849279999998,Oh Geul Boh Geul 오글보글,43.77315120705706,-79.4139145399907,Korean Restaurant
"Willowdale, Willowdale East",43.7701199,-79.40849279999998,Pizza Hut,43.764552371687415,-79.41165302122893,Pizza Place
"Willowdale, Willowdale East",43.7701199,-79.40849279999998,Bar Burrito,43.76430982982982,-79.41174765782287,Mexican Restaurant
"Willowdale, Willowdale East",43.7701199,-79.40849279999998,PROJECT:FISH,43.7691,-79.414305,Sushi Restaurant
"Willowdale, Willowdale East",43.7701199,-79.40849279999998,Trio Restaurant,43.769057691735014,-79.41437684224671,Restaurant
"Willowdale, Willowdale East",43.7701199,-79.40849279999998,Mitchell Field Community Centre,43.774931174583685,-79.40788703629063,Community Center
"Willowdale, Willowdale East",43.7701199,-79.40849279999998,Royal Canadian Legion #66,43.76462848804523,-79.41117801741235,Social Club
"Willowdale, Willowdale East",43.7701199,-79.40849279999998,Mot Na Son 맛나손,43.774390412729005,-79.41427066714837,Korean Restaurant
"Willowdale, Willowdale East",43.7701199,-79.40849279999998,BubbleBubble,43.77536516019827,-79.41324474729761,Asian Restaurant
Downsview,43.7616313,-79.52099940000002,No Frills,43.758178,-79.51968,Grocery Store
Downsview,43.7616313,-79.52099940000002,Pho Com Viet Nam,43.75663119859895,-79.51833633068185,Vietnamese Restaurant
Downsview,43.7616313,-79.52099940000002,Popeyes Louisiana Kitchen,43.75660425382002,-79.51604685393343,Fried Chicken Joint
Downsview,43.7616313,-79.52099940000002,Pizza Hut,43.75633958118749,-79.51781778764257,Pizza Place
Downsview,43.7616313,-79.52099940000002,KFC,43.7566,-79.5181,Fast Food Restaurant
Downsview,43.7616313,-79.52099940000002,Petro-Canada,43.757187,-79.517778,Gas Station
Downsview,43.7616313,-79.52099940000002,Petro-Canada,43.766586,-79.51987,Gas Station
Downsview,43.7616313,-79.52099940000002,Subway,43.75622810178744,-79.51833268621584,Sandwich Place
Downsview,43.7616313,-79.52099940000002,LCBO,43.759256617873106,-79.51945388294175,Liquor Store
Downsview,43.7616313,-79.52099940000002,Dollarama,43.758177,-79.519679,Discount Store
Downsview,43.7616313,-79.52099940000002,Planet Fitness,43.757538,-79.51961,Gym / Fitness Center
Downsview,43.7616313,-79.52099940000002,Rexall,43.76659,-79.519852,Pharmacy
Downsview,43.7616313,-79.52099940000002,Pita Land,43.757520253440326,-79.51462786652858,Falafel Restaurant
York Mills West,43.7527583,-79.4000493,Kitchen Food Fair,43.751297901387304,-79.40139340223642,Convenience Store
York Mills West,43.7527583,-79.4000493,Tournament Park,43.75125720420175,-79.39971685409546,Park
York Mills West,43.7527583,-79.4000493,Cotswold Park,43.757698350076254,-79.39829838965822,Park
York Mills West,43.7527583,-79.4000493,Avonshire Park,43.75748620357148,-79.40446632281567,Park
York Mills West,43.7527583,-79.4000493,Hwy 401 at Yonge,43.75364414481382,-79.40814971923828,Intersection
York Mills West,43.7527583,-79.4000493,Skymark Shared Tennis Court,43.756745,-79.406272,Tennis Court
"Willowdale, Willowdale West",43.7827364,-79.4422593,Tov-Li,43.78421369713337,-79.44609771646198,Pizza Place
"Willowdale, Willowdale West",43.7827364,-79.4422593,Shoppers Drug Mart,43.784847,-79.446028,Pharmacy
"Willowdale, Willowdale West",43.7827364,-79.4422593,RBC Royal Bank,43.78389412052616,-79.44660281892959,Bank
"Willowdale, Willowdale West",43.7827364,-79.4422593,Dollarama,43.78467,-79.4466696,Discount Store
"Willowdale, Willowdale West",43.7827364,-79.4422593,Tim Hortons,43.7809395,-79.4442308,Coffee Shop
"Willowdale, Willowdale West",43.7827364,-79.4422593,Price Chopper,43.783237418498096,-79.44633923214607,Grocery Store
"Willowdale, Willowdale West",43.7827364,-79.4422593,Painters With a Brush,43.7826682,-79.44828139999998,Home Service
"Willowdale, Willowdale West",43.7827364,-79.4422593,Antibes Park,43.77887169410913,-79.44870471954346,Park
